상품명,날짜,판매량,재고량
트렌디 후드,2025-06-02,2,128
트렌디 후드,2025-06-01,3,125
트렌디 후드,2025-05-31,5,120
트렌디 후드,2025-05-30,1,119
트렌디 후드,2025-05-29,8,111
트렌디 후드,2025-05-28,0,111
트렌디 후드,2025-05-27,0,111
트렌디 후드,2025-05-26,2,109
트렌디 후드,2025-05-25,6,103
트렌디 후드,2025-05-24,1,102
트렌디 후드,2025-05-23,7,95
트렌디 후드,2025-05-22,1,94
트렌디 후드,2025-05-21,8,86
트렌디 후드,2025-05-20,3,83
트렌디 후드,2025-05-19,1,82
트렌디 후드,2025-05-18,1,81
트렌디 후드,2025-05-17,0,81
트렌디 후드,2025-05-16,9,72
트렌디 후드,2025-05-15,3,69
트렌디 후드,2025-05-14,6,63
트렌디 후드,2025-05-13,7,56
트렌디 후드,2025-05-12,7,49
트렌디 후드,2025-05-11,7,42
트렌디 후드,2025-05-10,3,39
트렌디 후드,2025-05-09,4,35
트렌디 후드,2025-05-08,2,33
트렌디 후드,2025-05-07,9,24
트렌디 후드,2025-05-06,2,22
트렌디 후드,2025-05-05,7,15
트렌디 후드,2025-05-04,4,11
클래식 가디건,2025-06-02,5,155
클래식 가디건,2025-06-01,1,154
클래식 가디건,2025-05-31,3,151
클래식 가디건,2025-05-30,5,146
클래식 가디건,2025-05-29,4,142
클래식 가디건,2025-05-28,4,138
클래식 가디건,2025-05-27,5,133
클래식 가디건,2025-05-26,6,127
클래식 가디건,2025-05-25,4,123
클래식 가디건,2025-05-24,1,122
클래식 가디건,2025-05-23,3,119
클래식 가디건,2025-05-22,2,117
클래식 가디건,2025-05-21,6,111
클래식 가디건,2025-05-20,8,103
클래식 가디건,2025-05-19,4,99
클래식 가디건,2025-05-18,4,95
클래식 가디건,2025-05-17,3,92
클래식 가디건,2025-05-16,0,92
클래식 가디건,2025-05-15,1,91
클래식 가디건,2025-05-14,1,90
클래식 가디건,2025-05-13,8,82
클래식 가디건,2025-05-12,9,73
클래식 가디건,2025-05-11,3,70
클래식 가디건,2025-05-10,2,68
클래식 가디건,2025-05-09,6,62
클래식 가디건,2025-05-08,9,53
클래식 가디건,2025-05-07,5,48
클래식 가디건,2025-05-06,1,47
클래식 가디건,2025-05-05,2,45
클래식 가디건,2025-05-04,5,40
오버핏 와이드팬츠,2025-06-02,5,175
오버핏 와이드팬츠,2025-06-01,6,169
오버핏 와이드팬츠,2025-05-31,7,162
오버핏 와이드팬츠,2025-05-30,8,154
오버핏 와이드팬츠,2025-05-29,7,147
오버핏 와이드팬츠,2025-05-28,8,139
오버핏 와이드팬츠,2025-05-27,4,135
오버핏 와이드팬츠,2025-05-26,4,131
오버핏 와이드팬츠,2025-05-25,6,125
오버핏 와이드팬츠,2025-05-24,9,116
오버핏 와이드팬츠,2025-05-23,1,115
오버핏 와이드팬츠,2025-05-22,9,106
오버핏 와이드팬츠,2025-05-21,4,102
오버핏 와이드팬츠,2025-05-20,7,95
오버핏 와이드팬츠,2025-05-19,4,91
오버핏 와이드팬츠,2025-05-18,7,84
오버핏 와이드팬츠,2025-05-17,7,77
오버핏 와이드팬츠,2025-05-16,7,70
오버핏 와이드팬츠,2025-05-15,3,67
오버핏 와이드팬츠,2025-05-14,7,60
오버핏 와이드팬츠,2025-05-13,5,55
오버핏 와이드팬츠,2025-05-12,3,52
오버핏 와이드팬츠,2025-05-11,1,51
오버핏 와이드팬츠,2025-05-10,5,46
오버핏 와이드팬츠,2025-05-09,0,46
오버핏 와이드팬츠,2025-05-08,5,41
오버핏 와이드팬츠,2025-05-07,0,41
오버핏 와이드팬츠,2025-05-06,8,33
오버핏 와이드팬츠,2025-05-05,6,27
오버핏 와이드팬츠,2025-05-04,2,25
프리미엄 미디 원피스,2025-06-02,0,89
프리미엄 미디 원피스,2025-06-01,8,81
프리미엄 미디 원피스,2025-05-31,4,77
프리미엄 미디 원피스,2025-05-30,8,69
프리미엄 미디 원피스,2025-05-29,7,62
프리미엄 미디 원피스,2025-05-28,1,61
프리미엄 미디 원피스,2025-05-27,8,53
프리미엄 미디 원피스,2025-05-26,1,52
프리미엄 미디 원피스,2025-05-25,3,49
프리미엄 미디 원피스,2025-05-24,0,49
프리미엄 미디 원피스,2025-05-23,3,46
프리미엄 미디 원피스,2025-05-22,6,40
프리미엄 미디 원피스,2025-05-21,9,31
프리미엄 미디 원피스,2025-05-20,1,30
프리미엄 미디 원피스,2025-05-19,1,29
프리미엄 미디 원피스,2025-05-18,9,20
프리미엄 미디 원피스,2025-05-17,6,14
프리미엄 미디 원피스,2025-05-16,6,8
프리미엄 미디 원피스,2025-05-15,7,1
프리미엄 미디 원피스,2025-05-14,6,0
프리미엄 미디 원피스,2025-05-13,8,0
프리미엄 미디 원피스,2025-05-12,6,0
프리미엄 미디 원피스,2025-05-11,6,0
프리미엄 미디 원피스,2025-05-10,5,0
프리미엄 미디 원피스,2025-05-09,1,0
프리미엄 미디 원피스,2025-05-08,5,0
프리미엄 미디 원피스,2025-05-07,0,0
프리미엄 미디 원피스,2025-05-06,8,0
프리미엄 미디 원피스,2025-05-05,6,0
프리미엄 미디 원피스,2025-05-04,6,0
프리미엄 가디건,2025-06-02,0,190
프리미엄 가디건,2025-06-01,9,181
프리미엄 가디건,2025-05-31,9,172
프리미엄 가디건,2025-05-30,7,165
프리미엄 가디건,2025-05-29,5,160
프리미엄 가디건,2025-05-28,5,155
프리미엄 가디건,2025-05-27,3,152
프리미엄 가디건,2025-05-26,3,149
프리미엄 가디건,2025-05-25,5,144
프리미엄 가디건,2025-05-24,1,143
프리미엄 가디건,2025-05-23,8,135
프리미엄 가디건,2025-05-22,1,134
프리미엄 가디건,2025-05-21,6,128
프리미엄 가디건,2025-05-20,7,121
프리미엄 가디건,2025-05-19,8,113
프리미엄 가디건,2025-05-18,6,107
프리미엄 가디건,2025-05-17,3,104
프리미엄 가디건,2025-05-16,3,101
프리미엄 가디건,2025-05-15,2,99
프리미엄 가디건,2025-05-14,0,99
프리미엄 가디건,2025-05-13,0,99
프리미엄 가디건,2025-05-12,6,93
프리미엄 가디건,2025-05-11,5,88
프리미엄 가디건,2025-05-10,7,81
프리미엄 가디건,2025-05-09,7,74
프리미엄 가디건,2025-05-08,6,68
프리미엄 가디건,2025-05-07,7,61
프리미엄 가디건,2025-05-06,1,60
프리미엄 가디건,2025-05-05,1,59
프리미엄 가디건,2025-05-04,3,56
슬림핏 미니 원피스,2025-06-02,8,86
슬림핏 미니 원피스,2025-06-01,4,82
슬림핏 미니 원피스,2025-05-31,0,82
슬림핏 미니 원피스,2025-05-30,4,78
슬림핏 미니 원피스,2025-05-29,5,73
슬림핏 미니 원피스,2025-05-28,0,73
슬림핏 미니 원피스,2025-05-27,1,72
슬림핏 미니 원피스,2025-05-26,6,66
슬림핏 미니 원피스,2025-05-25,7,59
슬림핏 미니 원피스,2025-05-24,1,58
슬림핏 미니 원피스,2025-05-23,0,58
슬림핏 미니 원피스,2025-05-22,5,53
슬림핏 미니 원피스,2025-05-21,6,47
슬림핏 미니 원피스,2025-05-20,2,45
슬림핏 미니 원피스,2025-05-19,6,39
슬림핏 미니 원피스,2025-05-18,2,37
슬림핏 미니 원피스,2025-05-17,5,32
슬림핏 미니 원피스,2025-05-16,3,29
슬림핏 미니 원피스,2025-05-15,6,23
슬림핏 미니 원피스,2025-05-14,0,23
슬림핏 미니 원피스,2025-05-13,3,20
슬림핏 미니 원피스,2025-05-12,3,17
슬림핏 미니 원피스,2025-05-11,6,11
슬림핏 미니 원피스,2025-05-10,2,9
슬림핏 미니 원피스,2025-05-09,1,8
슬림핏 미니 원피스,2025-05-08,2,6
슬림핏 미니 원피스,2025-05-07,0,6
슬림핏 미니 원피스,2025-05-06,2,4
슬림핏 미니 원피스,2025-05-05,6,0
슬림핏 미니 원피스,2025-05-04,7,0
트렌디 스커트,2025-06-02,5,48
트렌디 스커트,2025-06-01,4,44
트렌디 스커트,2025-05-31,9,35
트렌디 스커트,2025-05-30,0,35
트렌디 스커트,2025-05-29,7,28
트렌디 스커트,2025-05-28,3,25
트렌디 스커트,2025-05-27,7,18
트렌디 스커트,2025-05-26,2,16
트렌디 스커트,2025-05-25,9,7
트렌디 스커트,2025-05-24,0,7
트렌디 스커트,2025-05-23,4,3
트렌디 스커트,2025-05-22,0,3
트렌디 스커트,2025-05-21,3,0
트렌디 스커트,2025-05-20,3,0
트렌디 스커트,2025-05-19,7,0
트렌디 스커트,2025-05-18,1,0
트렌디 스커트,2025-05-17,9,0
트렌디 스커트,2025-05-16,3,0
트렌디 스커트,2025-05-15,5,0
트렌디 스커트,2025-05-14,7,0
트렌디 스커트,2025-05-13,5,0
트렌디 스커트,2025-05-12,1,0
트렌디 스커트,2025-05-11,5,0
트렌디 스커트,2025-05-10,9,0
트렌디 스커트,2025-05-09,0,0
트렌디 스커트,2025-05-08,8,0
트렌디 스커트,2025-05-07,1,0
트렌디 스커트,2025-05-06,6,0
트렌디 스커트,2025-05-05,8,0
트렌디 스커트,2025-05-04,0,0
빈티지 미디 원피스,2025-06-02,3,165
빈티지 미디 원피스,2025-06-01,1,164
빈티지 미디 원피스,2025-05-31,2,162
빈티지 미디 원피스,2025-05-30,8,154
빈티지 미디 원피스,2025-05-29,0,154
빈티지 미디 원피스,2025-05-28,6,148
빈티지 미디 원피스,2025-05-27,6,142
빈티지 미디 원피스,2025-05-26,4,138
빈티지 미디 원피스,2025-05-25,9,129
빈티지 미디 원피스,2025-05-24,5,124
빈티지 미디 원피스,2025-05-23,8,116
빈티지 미디 원피스,2025-05-22,8,108
빈티지 미디 원피스,2025-05-21,6,102
빈티지 미디 원피스,2025-05-20,5,97
빈티지 미디 원피스,2025-05-19,6,91
빈티지 미디 원피스,2025-05-18,8,83
빈티지 미디 원피스,2025-05-17,0,83
빈티지 미디 원피스,2025-05-16,5,78
빈티지 미디 원피스,2025-05-15,0,78
빈티지 미디 원피스,2025-05-14,2,76
빈티지 미디 원피스,2025-05-13,4,72
빈티지 미디 원피스,2025-05-12,5,67
빈티지 미디 원피스,2025-05-11,6,61
빈티지 미디 원피스,2025-05-10,7,54
빈티지 미디 원피스,2025-05-09,2,52
빈티지 미디 원피스,2025-05-08,4,48
빈티지 미디 원피스,2025-05-07,7,41
빈티지 미디 원피스,2025-05-06,7,34
빈티지 미디 원피스,2025-05-05,3,31
빈티지 미디 원피스,2025-05-04,7,24
오버핏 셔츠,2025-06-02,3,148
오버핏 셔츠,2025-06-01,1,147
오버핏 셔츠,2025-05-31,3,144
오버핏 셔츠,2025-05-30,8,136
오버핏 셔츠,2025-05-29,7,129
오버핏 셔츠,2025-05-28,1,128
오버핏 셔츠,2025-05-27,5,123
오버핏 셔츠,2025-05-26,3,120
오버핏 셔츠,2025-05-25,8,112
오버핏 셔츠,2025-05-24,7,105
오버핏 셔츠,2025-05-23,5,100
오버핏 셔츠,2025-05-22,3,97
오버핏 셔츠,2025-05-21,3,94
오버핏 셔츠,2025-05-20,0,94
오버핏 셔츠,2025-05-19,9,85
오버핏 셔츠,2025-05-18,0,85
오버핏 셔츠,2025-05-17,3,82
오버핏 셔츠,2025-05-16,1,81
오버핏 셔츠,2025-05-15,7,74
오버핏 셔츠,2025-05-14,3,71
오버핏 셔츠,2025-05-13,8,63
오버핏 셔츠,2025-05-12,1,62
오버핏 셔츠,2025-05-11,3,59
오버핏 셔츠,2025-05-10,7,52
오버핏 셔츠,2025-05-09,2,50
오버핏 셔츠,2025-05-08,0,50
오버핏 셔츠,2025-05-07,5,45
오버핏 셔츠,2025-05-06,6,39
오버핏 셔츠,2025-05-05,6,33
오버핏 셔츠,2025-05-04,1,32
슬림핏 스커트,2025-06-02,1,72
슬림핏 스커트,2025-06-01,9,63
슬림핏 스커트,2025-05-31,7,56
슬림핏 스커트,2025-05-30,3,53
슬림핏 스커트,2025-05-29,5,48
슬림핏 스커트,2025-05-28,3,45
슬림핏 스커트,2025-05-27,9,36
슬림핏 스커트,2025-05-26,3,33
슬림핏 스커트,2025-05-25,1,32
슬림핏 스커트,2025-05-24,5,27
슬림핏 스커트,2025-05-23,1,26
슬림핏 스커트,2025-05-22,0,26
슬림핏 스커트,2025-05-21,8,18
슬림핏 스커트,2025-05-20,9,9
슬림핏 스커트,2025-05-19,8,1
슬림핏 스커트,2025-05-18,6,0
슬림핏 스커트,2025-05-17,2,0
슬림핏 스커트,2025-05-16,3,0
슬림핏 스커트,2025-05-15,5,0
슬림핏 스커트,2025-05-14,0,0
슬림핏 스커트,2025-05-13,8,0
슬림핏 스커트,2025-05-12,2,0
슬림핏 스커트,2025-05-11,5,0
슬림핏 스커트,2025-05-10,6,0
슬림핏 스커트,2025-05-09,3,0
슬림핏 스커트,2025-05-08,4,0
슬림핏 스커트,2025-05-07,5,0
슬림핏 스커트,2025-05-06,3,0
슬림핏 스커트,2025-05-05,5,0
슬림핏 스커트,2025-05-04,5,0
트렌디 미니 원피스,2025-06-02,8,157
트렌디 미니 원피스,2025-06-01,4,153
트렌디 미니 원피스,2025-05-31,6,147
트렌디 미니 원피스,2025-05-30,4,143
트렌디 미니 원피스,2025-05-29,2,141
트렌디 미니 원피스,2025-05-28,4,137
트렌디 미니 원피스,2025-05-27,8,129
트렌디 미니 원피스,2025-05-26,2,127
트렌디 미니 원피스,2025-05-25,3,124
트렌디 미니 원피스,2025-05-24,7,117
트렌디 미니 원피스,2025-05-23,0,117
트렌디 미니 원피스,2025-05-22,5,112
트렌디 미니 원피스,2025-05-21,4,108
트렌디 미니 원피스,2025-05-20,8,100
트렌디 미니 원피스,2025-05-19,5,95
트렌디 미니 원피스,2025-05-18,6,89
트렌디 미니 원피스,2025-05-17,9,80
트렌디 미니 원피스,2025-05-16,7,73
트렌디 미니 원피스,2025-05-15,4,69
트렌디 미니 원피스,2025-05-14,3,66
트렌디 미니 원피스,2025-05-13,6,60
트렌디 미니 원피스,2025-05-12,8,52
트렌디 미니 원피스,2025-05-11,4,48
트렌디 미니 원피스,2025-05-10,6,42
트렌디 미니 원피스,2025-05-09,3,39
트렌디 미니 원피스,2025-05-08,3,36
트렌디 미니 원피스,2025-05-07,4,32
트렌디 미니 원피스,2025-05-06,5,27
트렌디 미니 원피스,2025-05-05,5,22
트렌디 미니 원피스,2025-05-04,6,16
프리미엄 니트,2025-06-02,5,76
프리미엄 니트,2025-06-01,7,69
프리미엄 니트,2025-05-31,4,65
프리미엄 니트,2025-05-30,1,64
프리미엄 니트,2025-05-29,7,57
프리미엄 니트,2025-05-28,3,54
프리미엄 니트,2025-05-27,3,51
프리미엄 니트,2025-05-26,5,46
프리미엄 니트,2025-05-25,7,39
프리미엄 니트,2025-05-24,9,30
프리미엄 니트,2025-05-23,7,23
프리미엄 니트,2025-05-22,9,14
프리미엄 니트,2025-05-21,9,5
프리미엄 니트,2025-05-20,4,1
프리미엄 니트,2025-05-19,0,1
프리미엄 니트,2025-05-18,2,0
프리미엄 니트,2025-05-17,7,0
프리미엄 니트,2025-05-16,8,0
프리미엄 니트,2025-05-15,8,0
프리미엄 니트,2025-05-14,9,0
프리미엄 니트,2025-05-13,8,0
프리미엄 니트,2025-05-12,2,0
프리미엄 니트,2025-05-11,9,0
프리미엄 니트,2025-05-10,8,0
프리미엄 니트,2025-05-09,1,0
프리미엄 니트,2025-05-08,0,0
프리미엄 니트,2025-05-07,6,0
프리미엄 니트,2025-05-06,8,0
프리미엄 니트,2025-05-05,3,0
프리미엄 니트,2025-05-04,6,0
트렌디 청바지,2025-06-02,9,103
트렌디 청바지,2025-06-01,0,103
트렌디 청바지,2025-05-31,9,94
트렌디 청바지,2025-05-30,0,94
트렌디 청바지,2025-05-29,1,93
트렌디 청바지,2025-05-28,9,84
트렌디 청바지,2025-05-27,8,76
트렌디 청바지,2025-05-26,0,76
트렌디 청바지,2025-05-25,8,68
트렌디 청바지,2025-05-24,9,59
트렌디 청바지,2025-05-23,8,51
트렌디 청바지,2025-05-22,4,47
트렌디 청바지,2025-05-21,4,43
트렌디 청바지,2025-05-20,6,37
트렌디 청바지,2025-05-19,5,32
트렌디 청바지,2025-05-18,4,28
트렌디 청바지,2025-05-17,0,28
트렌디 청바지,2025-05-16,0,28
트렌디 청바지,2025-05-15,8,20
트렌디 청바지,2025-05-14,9,11
트렌디 청바지,2025-05-13,4,7
트렌디 청바지,2025-05-12,4,3
트렌디 청바지,2025-05-11,5,0
트렌디 청바지,2025-05-10,4,0
트렌디 청바지,2025-05-09,4,0
트렌디 청바지,2025-05-08,8,0
트렌디 청바지,2025-05-07,9,0
트렌디 청바지,2025-05-06,4,0
트렌디 청바지,2025-05-05,9,0
트렌디 청바지,2025-05-04,8,0
오버핏 슬랙스,2025-06-02,7,113
오버핏 슬랙스,2025-06-01,6,107
오버핏 슬랙스,2025-05-31,3,104
오버핏 슬랙스,2025-05-30,4,100
오버핏 슬랙스,2025-05-29,2,98
오버핏 슬랙스,2025-05-28,4,94
오버핏 슬랙스,2025-05-27,7,87
오버핏 슬랙스,2025-05-26,3,84
오버핏 슬랙스,2025-05-25,1,83
오버핏 슬랙스,2025-05-24,2,81
오버핏 슬랙스,2025-05-23,9,72
오버핏 슬랙스,2025-05-22,3,69
오버핏 슬랙스,2025-05-21,7,62
오버핏 슬랙스,2025-05-20,7,55
오버핏 슬랙스,2025-05-19,6,49
오버핏 슬랙스,2025-05-18,6,43
오버핏 슬랙스,2025-05-17,8,35
오버핏 슬랙스,2025-05-16,4,31
오버핏 슬랙스,2025-05-15,6,25
오버핏 슬랙스,2025-05-14,4,21
오버핏 슬랙스,2025-05-13,1,20
오버핏 슬랙스,2025-05-12,7,13
오버핏 슬랙스,2025-05-11,9,4
오버핏 슬랙스,2025-05-10,9,0
오버핏 슬랙스,2025-05-09,8,0
오버핏 슬랙스,2025-05-08,7,0
오버핏 슬랙스,2025-05-07,5,0
오버핏 슬랙스,2025-05-06,3,0
오버핏 슬랙스,2025-05-05,7,0
오버핏 슬랙스,2025-05-04,0,0
오버핏 티셔츠,2025-06-02,5,178
오버핏 티셔츠,2025-06-01,9,169
오버핏 티셔츠,2025-05-31,1,168
오버핏 티셔츠,2025-05-30,7,161
오버핏 티셔츠,2025-05-29,7,154
오버핏 티셔츠,2025-05-28,4,150
오버핏 티셔츠,2025-05-27,3,147
오버핏 티셔츠,2025-05-26,1,146
오버핏 티셔츠,2025-05-25,8,138
오버핏 티셔츠,2025-05-24,2,136
오버핏 티셔츠,2025-05-23,8,128
오버핏 티셔츠,2025-05-22,4,124
오버핏 티셔츠,2025-05-21,4,120
오버핏 티셔츠,2025-05-20,0,120
오버핏 티셔츠,2025-05-19,6,114
오버핏 티셔츠,2025-05-18,2,112
오버핏 티셔츠,2025-05-17,5,107
오버핏 티셔츠,2025-05-16,3,104
오버핏 티셔츠,2025-05-15,3,101
오버핏 티셔츠,2025-05-14,5,96
오버핏 티셔츠,2025-05-13,9,87
오버핏 티셔츠,2025-05-12,9,78
오버핏 티셔츠,2025-05-11,6,72
오버핏 티셔츠,2025-05-10,3,69
오버핏 티셔츠,2025-05-09,5,64
오버핏 티셔츠,2025-05-08,0,64
오버핏 티셔츠,2025-05-07,0,64
오버핏 티셔츠,2025-05-06,3,61
오버핏 티셔츠,2025-05-05,1,60
오버핏 티셔츠,2025-05-04,2,58
슬림핏 면바지,2025-06-02,2,85
슬림핏 면바지,2025-06-01,5,80
슬림핏 면바지,2025-05-31,2,78
슬림핏 면바지,2025-05-30,9,69
슬림핏 면바지,2025-05-29,0,69
슬림핏 면바지,2025-05-28,5,64
슬림핏 면바지,2025-05-27,3,61
슬림핏 면바지,2025-05-26,2,59
슬림핏 면바지,2025-05-25,7,52
슬림핏 면바지,2025-05-24,1,51
슬림핏 면바지,2025-05-23,2,49
슬림핏 면바지,2025-05-22,9,40
슬림핏 면바지,2025-05-21,0,40
슬림핏 면바지,2025-05-20,7,33
슬림핏 면바지,2025-05-19,0,33
슬림핏 면바지,2025-05-18,8,25
슬림핏 면바지,2025-05-17,7,18
슬림핏 면바지,2025-05-16,5,13
슬림핏 면바지,2025-05-15,8,5
슬림핏 면바지,2025-05-14,1,4
슬림핏 면바지,2025-05-13,5,0
슬림핏 면바지,2025-05-12,8,0
슬림핏 면바지,2025-05-11,2,0
슬림핏 면바지,2025-05-10,1,0
슬림핏 면바지,2025-05-09,3,0
슬림핏 면바지,2025-05-08,1,0
슬림핏 면바지,2025-05-07,5,0
슬림핏 면바지,2025-05-06,3,0
슬림핏 면바지,2025-05-05,1,0
슬림핏 면바지,2025-05-04,0,0
빈티지 맥시 원피스,2025-06-02,7,189
빈티지 맥시 원피스,2025-06-01,6,183
빈티지 맥시 원피스,2025-05-31,2,181
빈티지 맥시 원피스,2025-05-30,1,180
빈티지 맥시 원피스,2025-05-29,3,177
빈티지 맥시 원피스,2025-05-28,1,176
빈티지 맥시 원피스,2025-05-27,9,167
빈티지 맥시 원피스,2025-05-26,9,158
빈티지 맥시 원피스,2025-05-25,2,156
빈티지 맥시 원피스,2025-05-24,9,147
빈티지 맥시 원피스,2025-05-23,1,146
빈티지 맥시 원피스,2025-05-22,4,142
빈티지 맥시 원피스,2025-05-21,0,142
빈티지 맥시 원피스,2025-05-20,8,134
빈티지 맥시 원피스,2025-05-19,0,134
빈티지 맥시 원피스,2025-05-18,0,134
빈티지 맥시 원피스,2025-05-17,6,128
빈티지 맥시 원피스,2025-05-16,2,126
빈티지 맥시 원피스,2025-05-15,8,118
빈티지 맥시 원피스,2025-05-14,2,116
빈티지 맥시 원피스,2025-05-13,7,109
빈티지 맥시 원피스,2025-05-12,6,103
빈티지 맥시 원피스,2025-05-11,8,95
빈티지 맥시 원피스,2025-05-10,5,90
빈티지 맥시 원피스,2025-05-09,2,88
빈티지 맥시 원피스,2025-05-08,7,81
빈티지 맥시 원피스,2025-05-07,4,77
빈티지 맥시 원피스,2025-05-06,8,69
빈티지 맥시 원피스,2025-05-05,8,61
빈티지 맥시 원피스,2025-05-04,4,57
오버핏 슬랙스,2025-06-02,9,179
오버핏 슬랙스,2025-06-01,1,178
오버핏 슬랙스,2025-05-31,9,169
오버핏 슬랙스,2025-05-30,3,166
오버핏 슬랙스,2025-05-29,1,165
오버핏 슬랙스,2025-05-28,2,163
오버핏 슬랙스,2025-05-27,5,158
오버핏 슬랙스,2025-05-26,0,158
오버핏 슬랙스,2025-05-25,9,149
오버핏 슬랙스,2025-05-24,0,149
오버핏 슬랙스,2025-05-23,0,149
오버핏 슬랙스,2025-05-22,6,143
오버핏 슬랙스,2025-05-21,0,143
오버핏 슬랙스,2025-05-20,5,138
오버핏 슬랙스,2025-05-19,4,134
오버핏 슬랙스,2025-05-18,7,127
오버핏 슬랙스,2025-05-17,7,120
오버핏 슬랙스,2025-05-16,9,111
오버핏 슬랙스,2025-05-15,6,105
오버핏 슬랙스,2025-05-14,8,97
오버핏 슬랙스,2025-05-13,8,89
오버핏 슬랙스,2025-05-12,2,87
오버핏 슬랙스,2025-05-11,2,85
오버핏 슬랙스,2025-05-10,1,84
오버핏 슬랙스,2025-05-09,0,84
오버핏 슬랙스,2025-05-08,2,82
오버핏 슬랙스,2025-05-07,9,73
오버핏 슬랙스,2025-05-06,9,64
오버핏 슬랙스,2025-05-05,6,58
오버핏 슬랙스,2025-05-04,9,49
프리미엄 맨투맨,2025-06-02,5,130
프리미엄 맨투맨,2025-06-01,8,122
프리미엄 맨투맨,2025-05-31,5,117
프리미엄 맨투맨,2025-05-30,5,112
프리미엄 맨투맨,2025-05-29,5,107
프리미엄 맨투맨,2025-05-28,9,98
프리미엄 맨투맨,2025-05-27,2,96
프리미엄 맨투맨,2025-05-26,2,94
프리미엄 맨투맨,2025-05-25,2,92
프리미엄 맨투맨,2025-05-24,2,90
프리미엄 맨투맨,2025-05-23,8,82
프리미엄 맨투맨,2025-05-22,1,81
프리미엄 맨투맨,2025-05-21,9,72
프리미엄 맨투맨,2025-05-20,1,71
프리미엄 맨투맨,2025-05-19,2,69
프리미엄 맨투맨,2025-05-18,8,61
프리미엄 맨투맨,2025-05-17,6,55
프리미엄 맨투맨,2025-05-16,7,48
프리미엄 맨투맨,2025-05-15,6,42
프리미엄 맨투맨,2025-05-14,6,36
프리미엄 맨투맨,2025-05-13,9,27
프리미엄 맨투맨,2025-05-12,2,25
프리미엄 맨투맨,2025-05-11,1,24
프리미엄 맨투맨,2025-05-10,8,16
프리미엄 맨투맨,2025-05-09,9,7
프리미엄 맨투맨,2025-05-08,2,5
프리미엄 맨투맨,2025-05-07,1,4
프리미엄 맨투맨,2025-05-06,7,0
프리미엄 맨투맨,2025-05-05,8,0
프리미엄 맨투맨,2025-05-04,6,0
빈티지 니트,2025-06-02,0,71
빈티지 니트,2025-06-01,6,65
빈티지 니트,2025-05-31,6,59
빈티지 니트,2025-05-30,1,58
빈티지 니트,2025-05-29,1,57
빈티지 니트,2025-05-28,5,52
빈티지 니트,2025-05-27,2,50
빈티지 니트,2025-05-26,0,50
빈티지 니트,2025-05-25,4,46
빈티지 니트,2025-05-24,9,37
빈티지 니트,2025-05-23,9,28
빈티지 니트,2025-05-22,6,22
빈티지 니트,2025-05-21,1,21
빈티지 니트,2025-05-20,0,21
빈티지 니트,2025-05-19,7,14
빈티지 니트,2025-05-18,3,11
빈티지 니트,2025-05-17,1,10
빈티지 니트,2025-05-16,5,5
빈티지 니트,2025-05-15,0,5
빈티지 니트,2025-05-14,1,4
빈티지 니트,2025-05-13,0,4
빈티지 니트,2025-05-12,5,0
빈티지 니트,2025-05-11,6,0
빈티지 니트,2025-05-10,4,0
빈티지 니트,2025-05-09,5,0
빈티지 니트,2025-05-08,6,0
빈티지 니트,2025-05-07,5,0
빈티지 니트,2025-05-06,5,0
빈티지 니트,2025-05-05,2,0
빈티지 니트,2025-05-04,0,0
베이직 블레이저,2025-06-02,5,149
베이직 블레이저,2025-06-01,7,142
베이직 블레이저,2025-05-31,9,133
베이직 블레이저,2025-05-30,9,124
베이직 블레이저,2025-05-29,9,115
베이직 블레이저,2025-05-28,5,110
베이직 블레이저,2025-05-27,1,109
베이직 블레이저,2025-05-26,9,100
베이직 블레이저,2025-05-25,1,99
베이직 블레이저,2025-05-24,9,90
베이직 블레이저,2025-05-23,1,89
베이직 블레이저,2025-05-22,9,80
베이직 블레이저,2025-05-21,6,74
베이직 블레이저,2025-05-20,4,70
베이직 블레이저,2025-05-19,4,66
베이직 블레이저,2025-05-18,6,60
베이직 블레이저,2025-05-17,4,56
베이직 블레이저,2025-05-16,8,48
베이직 블레이저,2025-05-15,8,40
베이직 블레이저,2025-05-14,8,32
베이직 블레이저,2025-05-13,3,29
베이직 블레이저,2025-05-12,8,21
베이직 블레이저,2025-05-11,6,15
베이직 블레이저,2025-05-10,9,6
베이직 블레이저,2025-05-09,7,0
베이직 블레이저,2025-05-08,2,0
베이직 블레이저,2025-05-07,6,0
베이직 블레이저,2025-05-06,4,0
베이직 블레이저,2025-05-05,1,0
베이직 블레이저,2025-05-04,1,0
오버핏 와이드팬츠,2025-06-02,5,49
오버핏 와이드팬츠,2025-06-01,1,48
오버핏 와이드팬츠,2025-05-31,1,47
오버핏 와이드팬츠,2025-05-30,0,47
오버핏 와이드팬츠,2025-05-29,2,45
오버핏 와이드팬츠,2025-05-28,8,37
오버핏 와이드팬츠,2025-05-27,5,32
오버핏 와이드팬츠,2025-05-26,4,28
오버핏 와이드팬츠,2025-05-25,4,24
오버핏 와이드팬츠,2025-05-24,7,17
오버핏 와이드팬츠,2025-05-23,5,12
오버핏 와이드팬츠,2025-05-22,4,8
오버핏 와이드팬츠,2025-05-21,9,0
오버핏 와이드팬츠,2025-05-20,0,0
오버핏 와이드팬츠,2025-05-19,4,0
오버핏 와이드팬츠,2025-05-18,9,0
오버핏 와이드팬츠,2025-05-17,4,0
오버핏 와이드팬츠,2025-05-16,4,0
오버핏 와이드팬츠,2025-05-15,1,0
오버핏 와이드팬츠,2025-05-14,9,0
오버핏 와이드팬츠,2025-05-13,6,0
오버핏 와이드팬츠,2025-05-12,7,0
오버핏 와이드팬츠,2025-05-11,2,0
오버핏 와이드팬츠,2025-05-10,5,0
오버핏 와이드팬츠,2025-05-09,7,0
오버핏 와이드팬츠,2025-05-08,7,0
오버핏 와이드팬츠,2025-05-07,6,0
오버핏 와이드팬츠,2025-05-06,2,0
오버핏 와이드팬츠,2025-05-05,5,0
오버핏 와이드팬츠,2025-05-04,3,0
빈티지 셔츠,2025-06-02,9,183
빈티지 셔츠,2025-06-01,0,183
빈티지 셔츠,2025-05-31,8,175
빈티지 셔츠,2025-05-30,0,175
빈티지 셔츠,2025-05-29,2,173
빈티지 셔츠,2025-05-28,0,173
빈티지 셔츠,2025-05-27,2,171
빈티지 셔츠,2025-05-26,3,168
빈티지 셔츠,2025-05-25,0,168
빈티지 셔츠,2025-05-24,5,163
빈티지 셔츠,2025-05-23,3,160
빈티지 셔츠,2025-05-22,4,156
빈티지 셔츠,2025-05-21,2,154
빈티지 셔츠,2025-05-20,5,149
빈티지 셔츠,2025-05-19,5,144
빈티지 셔츠,2025-05-18,8,136
빈티지 셔츠,2025-05-17,4,132
빈티지 셔츠,2025-05-16,1,131
빈티지 셔츠,2025-05-15,2,129
빈티지 셔츠,2025-05-14,7,122
빈티지 셔츠,2025-05-13,3,119
빈티지 셔츠,2025-05-12,5,114
빈티지 셔츠,2025-05-11,0,114
빈티지 셔츠,2025-05-10,4,110
빈티지 셔츠,2025-05-09,0,110
빈티지 셔츠,2025-05-08,5,105
빈티지 셔츠,2025-05-07,7,98
빈티지 셔츠,2025-05-06,9,89
빈티지 셔츠,2025-05-05,9,80
빈티지 셔츠,2025-05-04,9,71
슬림핏 셔츠,2025-06-02,3,146
슬림핏 셔츠,2025-06-01,6,140
슬림핏 셔츠,2025-05-31,9,131
슬림핏 셔츠,2025-05-30,3,128
슬림핏 셔츠,2025-05-29,8,120
슬림핏 셔츠,2025-05-28,5,115
슬림핏 셔츠,2025-05-27,1,114
슬림핏 셔츠,2025-05-26,4,110
슬림핏 셔츠,2025-05-25,9,101
슬림핏 셔츠,2025-05-24,5,96
슬림핏 셔츠,2025-05-23,8,88
슬림핏 셔츠,2025-05-22,0,88
슬림핏 셔츠,2025-05-21,8,80
슬림핏 셔츠,2025-05-20,7,73
슬림핏 셔츠,2025-05-19,5,68
슬림핏 셔츠,2025-05-18,7,61
슬림핏 셔츠,2025-05-17,4,57
슬림핏 셔츠,2025-05-16,2,55
슬림핏 셔츠,2025-05-15,7,48
슬림핏 셔츠,2025-05-14,6,42
슬림핏 셔츠,2025-05-13,8,34
슬림핏 셔츠,2025-05-12,5,29
슬림핏 셔츠,2025-05-11,3,26
슬림핏 셔츠,2025-05-10,4,22
슬림핏 셔츠,2025-05-09,8,14
슬림핏 셔츠,2025-05-08,4,10
슬림핏 셔츠,2025-05-07,2,8
슬림핏 셔츠,2025-05-06,5,3
슬림핏 셔츠,2025-05-05,9,0
슬림핏 셔츠,2025-05-04,9,0
클래식 티셔츠,2025-06-02,7,127
클래식 티셔츠,2025-06-01,8,119
클래식 티셔츠,2025-05-31,8,111
클래식 티셔츠,2025-05-30,8,103
클래식 티셔츠,2025-05-29,3,100
클래식 티셔츠,2025-05-28,2,98
클래식 티셔츠,2025-05-27,4,94
클래식 티셔츠,2025-05-26,0,94
클래식 티셔츠,2025-05-25,2,92
클래식 티셔츠,2025-05-24,3,89
클래식 티셔츠,2025-05-23,3,86
클래식 티셔츠,2025-05-22,6,80
클래식 티셔츠,2025-05-21,0,80
클래식 티셔츠,2025-05-20,2,78
클래식 티셔츠,2025-05-19,2,76
클래식 티셔츠,2025-05-18,6,70
클래식 티셔츠,2025-05-17,6,64
클래식 티셔츠,2025-05-16,1,63
클래식 티셔츠,2025-05-15,2,61
클래식 티셔츠,2025-05-14,3,58
클래식 티셔츠,2025-05-13,3,55
클래식 티셔츠,2025-05-12,8,47
클래식 티셔츠,2025-05-11,1,46
클래식 티셔츠,2025-05-10,8,38
클래식 티셔츠,2025-05-09,9,29
클래식 티셔츠,2025-05-08,4,25
클래식 티셔츠,2025-05-07,3,22
클래식 티셔츠,2025-05-06,8,14
클래식 티셔츠,2025-05-05,3,11
클래식 티셔츠,2025-05-04,4,7
트렌디 맥시 원피스,2025-06-02,8,108
트렌디 맥시 원피스,2025-06-01,8,100
트렌디 맥시 원피스,2025-05-31,7,93
트렌디 맥시 원피스,2025-05-30,8,85
트렌디 맥시 원피스,2025-05-29,3,82
트렌디 맥시 원피스,2025-05-28,8,74
트렌디 맥시 원피스,2025-05-27,3,71
트렌디 맥시 원피스,2025-05-26,5,66
트렌디 맥시 원피스,2025-05-25,1,65
트렌디 맥시 원피스,2025-05-24,6,59
트렌디 맥시 원피스,2025-05-23,5,54
트렌디 맥시 원피스,2025-05-22,0,54
트렌디 맥시 원피스,2025-05-21,7,47
트렌디 맥시 원피스,2025-05-20,9,38
트렌디 맥시 원피스,2025-05-19,5,33
트렌디 맥시 원피스,2025-05-18,0,33
트렌디 맥시 원피스,2025-05-17,5,28
트렌디 맥시 원피스,2025-05-16,8,20
트렌디 맥시 원피스,2025-05-15,3,17
트렌디 맥시 원피스,2025-05-14,7,10
트렌디 맥시 원피스,2025-05-13,8,2
트렌디 맥시 원피스,2025-05-12,3,0
트렌디 맥시 원피스,2025-05-11,0,0
트렌디 맥시 원피스,2025-05-10,2,0
트렌디 맥시 원피스,2025-05-09,0,0
트렌디 맥시 원피스,2025-05-08,7,0
트렌디 맥시 원피스,2025-05-07,6,0
트렌디 맥시 원피스,2025-05-06,3,0
트렌디 맥시 원피스,2025-05-05,0,0
트렌디 맥시 원피스,2025-05-04,1,0
트렌디 점퍼,2025-06-02,1,73
트렌디 점퍼,2025-06-01,6,67
트렌디 점퍼,2025-05-31,4,63
트렌디 점퍼,2025-05-30,0,63
트렌디 점퍼,2025-05-29,4,59
트렌디 점퍼,2025-05-28,4,55
트렌디 점퍼,2025-05-27,0,55
트렌디 점퍼,2025-05-26,4,51
트렌디 점퍼,2025-05-25,1,50
트렌디 점퍼,2025-05-24,9,41
트렌디 점퍼,2025-05-23,6,35
트렌디 점퍼,2025-05-22,7,28
트렌디 점퍼,2025-05-21,0,28
트렌디 점퍼,2025-05-20,2,26
트렌디 점퍼,2025-05-19,8,18
트렌디 점퍼,2025-05-18,2,16
트렌디 점퍼,2025-05-17,2,14
트렌디 점퍼,2025-05-16,1,13
트렌디 점퍼,2025-05-15,5,8
트렌디 점퍼,2025-05-14,2,6
트렌디 점퍼,2025-05-13,3,3
트렌디 점퍼,2025-05-12,1,2
트렌디 점퍼,2025-05-11,3,0
트렌디 점퍼,2025-05-10,6,0
트렌디 점퍼,2025-05-09,0,0
트렌디 점퍼,2025-05-08,6,0
트렌디 점퍼,2025-05-07,1,0
트렌디 점퍼,2025-05-06,6,0
트렌디 점퍼,2025-05-05,0,0
트렌디 점퍼,2025-05-04,4,0
클래식 맥시 원피스,2025-06-02,6,187
클래식 맥시 원피스,2025-06-01,5,182
클래식 맥시 원피스,2025-05-31,0,182
클래식 맥시 원피스,2025-05-30,4,178
클래식 맥시 원피스,2025-05-29,1,177
클래식 맥시 원피스,2025-05-28,6,171
클래식 맥시 원피스,2025-05-27,2,169
클래식 맥시 원피스,2025-05-26,2,167
클래식 맥시 원피스,2025-05-25,0,167
클래식 맥시 원피스,2025-05-24,6,161
클래식 맥시 원피스,2025-05-23,4,157
클래식 맥시 원피스,2025-05-22,1,156
클래식 맥시 원피스,2025-05-21,0,156
클래식 맥시 원피스,2025-05-20,4,152
클래식 맥시 원피스,2025-05-19,1,151
클래식 맥시 원피스,2025-05-18,1,150
클래식 맥시 원피스,2025-05-17,7,143
클래식 맥시 원피스,2025-05-16,8,135
클래식 맥시 원피스,2025-05-15,2,133
클래식 맥시 원피스,2025-05-14,2,131
클래식 맥시 원피스,2025-05-13,4,127
클래식 맥시 원피스,2025-05-12,5,122
클래식 맥시 원피스,2025-05-11,3,119
클래식 맥시 원피스,2025-05-10,8,111
클래식 맥시 원피스,2025-05-09,3,108
클래식 맥시 원피스,2025-05-08,4,104
클래식 맥시 원피스,2025-05-07,6,98
클래식 맥시 원피스,2025-05-06,2,96
클래식 맥시 원피스,2025-05-05,2,94
클래식 맥시 원피스,2025-05-04,5,89
클래식 청바지,2025-06-02,0,190
클래식 청바지,2025-06-01,9,181
클래식 청바지,2025-05-31,7,174
클래식 청바지,2025-05-30,4,170
클래식 청바지,2025-05-29,4,166
클래식 청바지,2025-05-28,0,166
클래식 청바지,2025-05-27,3,163
클래식 청바지,2025-05-26,3,160
클래식 청바지,2025-05-25,9,151
클래식 청바지,2025-05-24,2,149
클래식 청바지,2025-05-23,5,144
클래식 청바지,2025-05-22,1,143
클래식 청바지,2025-05-21,1,142
클래식 청바지,2025-05-20,0,142
클래식 청바지,2025-05-19,3,139
클래식 청바지,2025-05-18,5,134
클래식 청바지,2025-05-17,4,130
클래식 청바지,2025-05-16,8,122
클래식 청바지,2025-05-15,6,116
클래식 청바지,2025-05-14,3,113
클래식 청바지,2025-05-13,1,112
클래식 청바지,2025-05-12,2,110
클래식 청바지,2025-05-11,3,107
클래식 청바지,2025-05-10,5,102
클래식 청바지,2025-05-09,2,100
클래식 청바지,2025-05-08,9,91
클래식 청바지,2025-05-07,2,89
클래식 청바지,2025-05-06,4,85
클래식 청바지,2025-05-05,1,84
클래식 청바지,2025-05-04,3,81
클래식 미디 원피스,2025-06-02,1,110
클래식 미디 원피스,2025-06-01,1,109
클래식 미디 원피스,2025-05-31,8,101
클래식 미디 원피스,2025-05-30,0,101
클래식 미디 원피스,2025-05-29,6,95
클래식 미디 원피스,2025-05-28,8,87
클래식 미디 원피스,2025-05-27,7,80
클래식 미디 원피스,2025-05-26,4,76
클래식 미디 원피스,2025-05-25,8,68
클래식 미디 원피스,2025-05-24,0,68
클래식 미디 원피스,2025-05-23,3,65
클래식 미디 원피스,2025-05-22,7,58
클래식 미디 원피스,2025-05-21,1,57
클래식 미디 원피스,2025-05-20,7,50
클래식 미디 원피스,2025-05-19,2,48
클래식 미디 원피스,2025-05-18,5,43
클래식 미디 원피스,2025-05-17,5,38
클래식 미디 원피스,2025-05-16,4,34
클래식 미디 원피스,2025-05-15,6,28
클래식 미디 원피스,2025-05-14,6,22
클래식 미디 원피스,2025-05-13,8,14
클래식 미디 원피스,2025-05-12,0,14
클래식 미디 원피스,2025-05-11,5,9
클래식 미디 원피스,2025-05-10,1,8
클래식 미디 원피스,2025-05-09,7,1
클래식 미디 원피스,2025-05-08,6,0
클래식 미디 원피스,2025-05-07,5,0
클래식 미디 원피스,2025-05-06,7,0
클래식 미디 원피스,2025-05-05,9,0
클래식 미디 원피스,2025-05-04,3,0
오버핏 티셔츠,2025-06-02,4,73
오버핏 티셔츠,2025-06-01,8,65
오버핏 티셔츠,2025-05-31,3,62
오버핏 티셔츠,2025-05-30,1,61
오버핏 티셔츠,2025-05-29,5,56
오버핏 티셔츠,2025-05-28,1,55
오버핏 티셔츠,2025-05-27,1,54
오버핏 티셔츠,2025-05-26,6,48
오버핏 티셔츠,2025-05-25,8,40
오버핏 티셔츠,2025-05-24,4,36
오버핏 티셔츠,2025-05-23,1,35
오버핏 티셔츠,2025-05-22,0,35
오버핏 티셔츠,2025-05-21,6,29
오버핏 티셔츠,2025-05-20,9,20
오버핏 티셔츠,2025-05-19,7,13
오버핏 티셔츠,2025-05-18,0,13
오버핏 티셔츠,2025-05-17,5,8
오버핏 티셔츠,2025-05-16,1,7
오버핏 티셔츠,2025-05-15,9,0
오버핏 티셔츠,2025-05-14,9,0
오버핏 티셔츠,2025-05-13,1,0
오버핏 티셔츠,2025-05-12,2,0
오버핏 티셔츠,2025-05-11,4,0
오버핏 티셔츠,2025-05-10,8,0
오버핏 티셔츠,2025-05-09,1,0
오버핏 티셔츠,2025-05-08,1,0
오버핏 티셔츠,2025-05-07,2,0
오버핏 티셔츠,2025-05-06,1,0
오버핏 티셔츠,2025-05-05,0,0
오버핏 티셔츠,2025-05-04,6,0
트렌디 숏팬츠,2025-06-02,6,156
트렌디 숏팬츠,2025-06-01,7,149
트렌디 숏팬츠,2025-05-31,0,149
트렌디 숏팬츠,2025-05-30,6,143
트렌디 숏팬츠,2025-05-29,3,140
트렌디 숏팬츠,2025-05-28,6,134
트렌디 숏팬츠,2025-05-27,1,133
트렌디 숏팬츠,2025-05-26,5,128
트렌디 숏팬츠,2025-05-25,4,124
트렌디 숏팬츠,2025-05-24,0,124
트렌디 숏팬츠,2025-05-23,4,120
트렌디 숏팬츠,2025-05-22,5,115
트렌디 숏팬츠,2025-05-21,3,112
트렌디 숏팬츠,2025-05-20,5,107
트렌디 숏팬츠,2025-05-19,9,98
트렌디 숏팬츠,2025-05-18,9,89
트렌디 숏팬츠,2025-05-17,3,86
트렌디 숏팬츠,2025-05-16,0,86
트렌디 숏팬츠,2025-05-15,7,79
트렌디 숏팬츠,2025-05-14,5,74
트렌디 숏팬츠,2025-05-13,0,74
트렌디 숏팬츠,2025-05-12,3,71
트렌디 숏팬츠,2025-05-11,5,66
트렌디 숏팬츠,2025-05-10,0,66
트렌디 숏팬츠,2025-05-09,5,61
트렌디 숏팬츠,2025-05-08,5,56
트렌디 숏팬츠,2025-05-07,4,52
트렌디 숏팬츠,2025-05-06,6,46
트렌디 숏팬츠,2025-05-05,8,38
트렌디 숏팬츠,2025-05-04,5,33
클래식 티셔츠,2025-06-02,7,129
클래식 티셔츠,2025-06-01,2,127
클래식 티셔츠,2025-05-31,2,125
클래식 티셔츠,2025-05-30,9,116
클래식 티셔츠,2025-05-29,6,110
클래식 티셔츠,2025-05-28,6,104
클래식 티셔츠,2025-05-27,5,99
클래식 티셔츠,2025-05-26,3,96
클래식 티셔츠,2025-05-25,2,94
클래식 티셔츠,2025-05-24,7,87
클래식 티셔츠,2025-05-23,4,83
클래식 티셔츠,2025-05-22,9,74
클래식 티셔츠,2025-05-21,0,74
클래식 티셔츠,2025-05-20,0,74
클래식 티셔츠,2025-05-19,3,71
클래식 티셔츠,2025-05-18,4,67
클래식 티셔츠,2025-05-17,7,60
클래식 티셔츠,2025-05-16,8,52
클래식 티셔츠,2025-05-15,7,45
클래식 티셔츠,2025-05-14,3,42
클래식 티셔츠,2025-05-13,3,39
클래식 티셔츠,2025-05-12,3,36
클래식 티셔츠,2025-05-11,4,32
클래식 티셔츠,2025-05-10,7,25
클래식 티셔츠,2025-05-09,3,22
클래식 티셔츠,2025-05-08,1,21
클래식 티셔츠,2025-05-07,5,16
클래식 티셔츠,2025-05-06,8,8
클래식 티셔츠,2025-05-05,5,3
클래식 티셔츠,2025-05-04,6,0
트렌디 블라우스,2025-06-02,3,124
트렌디 블라우스,2025-06-01,5,119
트렌디 블라우스,2025-05-31,9,110
트렌디 블라우스,2025-05-30,3,107
트렌디 블라우스,2025-05-29,4,103
트렌디 블라우스,2025-05-28,0,103
트렌디 블라우스,2025-05-27,0,103
트렌디 블라우스,2025-05-26,0,103
트렌디 블라우스,2025-05-25,7,96
트렌디 블라우스,2025-05-24,3,93
트렌디 블라우스,2025-05-23,1,92
트렌디 블라우스,2025-05-22,5,87
트렌디 블라우스,2025-05-21,2,85
트렌디 블라우스,2025-05-20,3,82
트렌디 블라우스,2025-05-19,3,79
트렌디 블라우스,2025-05-18,0,79
트렌디 블라우스,2025-05-17,9,70
트렌디 블라우스,2025-05-16,0,70
트렌디 블라우스,2025-05-15,8,62
트렌디 블라우스,2025-05-14,5,57
트렌디 블라우스,2025-05-13,9,48
트렌디 블라우스,2025-05-12,0,48
트렌디 블라우스,2025-05-11,3,45
트렌디 블라우스,2025-05-10,6,39
트렌디 블라우스,2025-05-09,3,36
트렌디 블라우스,2025-05-08,7,29
트렌디 블라우스,2025-05-07,5,24
트렌디 블라우스,2025-05-06,2,22
트렌디 블라우스,2025-05-05,5,17
트렌디 블라우스,2025-05-04,1,16
프리미엄 후드,2025-06-02,6,185
프리미엄 후드,2025-06-01,3,182
프리미엄 후드,2025-05-31,7,175
프리미엄 후드,2025-05-30,9,166
프리미엄 후드,2025-05-29,4,162
프리미엄 후드,2025-05-28,3,159
프리미엄 후드,2025-05-27,1,158
프리미엄 후드,2025-05-26,9,149
프리미엄 후드,2025-05-25,5,144
프리미엄 후드,2025-05-24,9,135
프리미엄 후드,2025-05-23,2,133
프리미엄 후드,2025-05-22,9,124
프리미엄 후드,2025-05-21,4,120
프리미엄 후드,2025-05-20,2,118
프리미엄 후드,2025-05-19,4,114
프리미엄 후드,2025-05-18,5,109
프리미엄 후드,2025-05-17,3,106
프리미엄 후드,2025-05-16,7,99
프리미엄 후드,2025-05-15,9,90
프리미엄 후드,2025-05-14,7,83
프리미엄 후드,2025-05-13,4,79
프리미엄 후드,2025-05-12,9,70
프리미엄 후드,2025-05-11,6,64
프리미엄 후드,2025-05-10,1,63
프리미엄 후드,2025-05-09,5,58
프리미엄 후드,2025-05-08,4,54
프리미엄 후드,2025-05-07,7,47
프리미엄 후드,2025-05-06,3,44
프리미엄 후드,2025-05-05,2,42
프리미엄 후드,2025-05-04,5,37
슬림핏 티셔츠,2025-06-02,8,156
슬림핏 티셔츠,2025-06-01,0,156
슬림핏 티셔츠,2025-05-31,2,154
슬림핏 티셔츠,2025-05-30,9,145
슬림핏 티셔츠,2025-05-29,4,141
슬림핏 티셔츠,2025-05-28,5,136
슬림핏 티셔츠,2025-05-27,6,130
슬림핏 티셔츠,2025-05-26,7,123
슬림핏 티셔츠,2025-05-25,3,120
슬림핏 티셔츠,2025-05-24,1,119
슬림핏 티셔츠,2025-05-23,8,111
슬림핏 티셔츠,2025-05-22,8,103
슬림핏 티셔츠,2025-05-21,1,102
슬림핏 티셔츠,2025-05-20,8,94
슬림핏 티셔츠,2025-05-19,7,87
슬림핏 티셔츠,2025-05-18,8,79
슬림핏 티셔츠,2025-05-17,6,73
슬림핏 티셔츠,2025-05-16,4,69
슬림핏 티셔츠,2025-05-15,5,64
슬림핏 티셔츠,2025-05-14,7,57
슬림핏 티셔츠,2025-05-13,1,56
슬림핏 티셔츠,2025-05-12,3,53
슬림핏 티셔츠,2025-05-11,3,50
슬림핏 티셔츠,2025-05-10,8,42
슬림핏 티셔츠,2025-05-09,8,34
슬림핏 티셔츠,2025-05-08,2,32
슬림핏 티셔츠,2025-05-07,8,24
슬림핏 티셔츠,2025-05-06,6,18
슬림핏 티셔츠,2025-05-05,1,17
슬림핏 티셔츠,2025-05-04,7,10
오버핏 니트,2025-06-02,2,188
오버핏 니트,2025-06-01,1,187
오버핏 니트,2025-05-31,7,180
오버핏 니트,2025-05-30,3,177
오버핏 니트,2025-05-29,4,173
오버핏 니트,2025-05-28,7,166
오버핏 니트,2025-05-27,1,165
오버핏 니트,2025-05-26,8,157
오버핏 니트,2025-05-25,2,155
오버핏 니트,2025-05-24,6,149
오버핏 니트,2025-05-23,8,141
오버핏 니트,2025-05-22,3,138
오버핏 니트,2025-05-21,7,131
오버핏 니트,2025-05-20,1,130
오버핏 니트,2025-05-19,3,127
오버핏 니트,2025-05-18,7,120
오버핏 니트,2025-05-17,9,111
오버핏 니트,2025-05-16,8,103
오버핏 니트,2025-05-15,2,101
오버핏 니트,2025-05-14,1,100
오버핏 니트,2025-05-13,9,91
오버핏 니트,2025-05-12,7,84
오버핏 니트,2025-05-11,4,80
오버핏 니트,2025-05-10,2,78
오버핏 니트,2025-05-09,6,72
오버핏 니트,2025-05-08,9,63
오버핏 니트,2025-05-07,2,61
오버핏 니트,2025-05-06,6,55
오버핏 니트,2025-05-05,3,52
오버핏 니트,2025-05-04,1,51
슬림핏 면바지,2025-06-02,8,142
슬림핏 면바지,2025-06-01,7,135
슬림핏 면바지,2025-05-31,7,128
슬림핏 면바지,2025-05-30,7,121
슬림핏 면바지,2025-05-29,3,118
슬림핏 면바지,2025-05-28,2,116
슬림핏 면바지,2025-05-27,2,114
슬림핏 면바지,2025-05-26,9,105
슬림핏 면바지,2025-05-25,4,101
슬림핏 면바지,2025-05-24,9,92
슬림핏 면바지,2025-05-23,6,86
슬림핏 면바지,2025-05-22,1,85
슬림핏 면바지,2025-05-21,3,82
슬림핏 면바지,2025-05-20,0,82
슬림핏 면바지,2025-05-19,4,78
슬림핏 면바지,2025-05-18,8,70
슬림핏 면바지,2025-05-17,8,62
슬림핏 면바지,2025-05-16,2,60
슬림핏 면바지,2025-05-15,7,53
슬림핏 면바지,2025-05-14,9,44
슬림핏 면바지,2025-05-13,1,43
슬림핏 면바지,2025-05-12,6,37
슬림핏 면바지,2025-05-11,4,33
슬림핏 면바지,2025-05-10,8,25
슬림핏 면바지,2025-05-09,4,21
슬림핏 면바지,2025-05-08,4,17
슬림핏 면바지,2025-05-07,0,17
슬림핏 면바지,2025-05-06,8,9
슬림핏 면바지,2025-05-05,5,4
슬림핏 면바지,2025-05-04,7,0
클래식 면바지,2025-06-02,1,178
클래식 면바지,2025-06-01,9,169
클래식 면바지,2025-05-31,2,167
클래식 면바지,2025-05-30,2,165
클래식 면바지,2025-05-29,0,165
클래식 면바지,2025-05-28,1,164
클래식 면바지,2025-05-27,7,157
클래식 면바지,2025-05-26,6,151
클래식 면바지,2025-05-25,3,148
클래식 면바지,2025-05-24,0,148
클래식 면바지,2025-05-23,1,147
클래식 면바지,2025-05-22,4,143
클래식 면바지,2025-05-21,3,140
클래식 면바지,2025-05-20,7,133
클래식 면바지,2025-05-19,8,125
클래식 면바지,2025-05-18,7,118
클래식 면바지,2025-05-17,1,117
클래식 면바지,2025-05-16,9,108
클래식 면바지,2025-05-15,3,105
클래식 면바지,2025-05-14,3,102
클래식 면바지,2025-05-13,4,98
클래식 면바지,2025-05-12,5,93
클래식 면바지,2025-05-11,4,89
클래식 면바지,2025-05-10,5,84
클래식 면바지,2025-05-09,4,80
클래식 면바지,2025-05-08,3,77
클래식 면바지,2025-05-07,2,75
클래식 면바지,2025-05-06,5,70
클래식 면바지,2025-05-05,5,65
클래식 면바지,2025-05-04,3,62
오버핏 미니 원피스,2025-06-02,4,110
오버핏 미니 원피스,2025-06-01,1,109
오버핏 미니 원피스,2025-05-31,5,104
오버핏 미니 원피스,2025-05-30,9,95
오버핏 미니 원피스,2025-05-29,9,86
오버핏 미니 원피스,2025-05-28,7,79
오버핏 미니 원피스,2025-05-27,0,79
오버핏 미니 원피스,2025-05-26,5,74
오버핏 미니 원피스,2025-05-25,1,73
오버핏 미니 원피스,2025-05-24,6,67
오버핏 미니 원피스,2025-05-23,8,59
오버핏 미니 원피스,2025-05-22,0,59
오버핏 미니 원피스,2025-05-21,9,50
오버핏 미니 원피스,2025-05-20,6,44
오버핏 미니 원피스,2025-05-19,5,39
오버핏 미니 원피스,2025-05-18,2,37
오버핏 미니 원피스,2025-05-17,9,28
오버핏 미니 원피스,2025-05-16,6,22
오버핏 미니 원피스,2025-05-15,4,18
오버핏 미니 원피스,2025-05-14,1,17
오버핏 미니 원피스,2025-05-13,0,17
오버핏 미니 원피스,2025-05-12,1,16
오버핏 미니 원피스,2025-05-11,4,12
오버핏 미니 원피스,2025-05-10,0,12
오버핏 미니 원피스,2025-05-09,4,8
오버핏 미니 원피스,2025-05-08,9,0
오버핏 미니 원피스,2025-05-07,5,0
오버핏 미니 원피스,2025-05-06,0,0
오버핏 미니 원피스,2025-05-05,9,0
오버핏 미니 원피스,2025-05-04,8,0
클래식 티셔츠,2025-06-02,2,131
클래식 티셔츠,2025-06-01,9,122
클래식 티셔츠,2025-05-31,5,117
클래식 티셔츠,2025-05-30,8,109
클래식 티셔츠,2025-05-29,0,109
클래식 티셔츠,2025-05-28,7,102
클래식 티셔츠,2025-05-27,2,100
클래식 티셔츠,2025-05-26,2,98
클래식 티셔츠,2025-05-25,3,95
클래식 티셔츠,2025-05-24,0,95
클래식 티셔츠,2025-05-23,0,95
클래식 티셔츠,2025-05-22,7,88
클래식 티셔츠,2025-05-21,1,87
클래식 티셔츠,2025-05-20,5,82
클래식 티셔츠,2025-05-19,3,79
클래식 티셔츠,2025-05-18,9,70
클래식 티셔츠,2025-05-17,4,66
클래식 티셔츠,2025-05-16,8,58
클래식 티셔츠,2025-05-15,8,50
클래식 티셔츠,2025-05-14,3,47
클래식 티셔츠,2025-05-13,2,45
클래식 티셔츠,2025-05-12,4,41
클래식 티셔츠,2025-05-11,7,34
클래식 티셔츠,2025-05-10,4,30
클래식 티셔츠,2025-05-09,8,22
클래식 티셔츠,2025-05-08,5,17
클래식 티셔츠,2025-05-07,0,17
클래식 티셔츠,2025-05-06,2,15
클래식 티셔츠,2025-05-05,5,10
클래식 티셔츠,2025-05-04,9,1
프리미엄 맥시 원피스,2025-06-02,0,183
프리미엄 맥시 원피스,2025-06-01,4,179
프리미엄 맥시 원피스,2025-05-31,1,178
프리미엄 맥시 원피스,2025-05-30,2,176
프리미엄 맥시 원피스,2025-05-29,0,176
프리미엄 맥시 원피스,2025-05-28,1,175
프리미엄 맥시 원피스,2025-05-27,6,169
프리미엄 맥시 원피스,2025-05-26,4,165
프리미엄 맥시 원피스,2025-05-25,1,164
프리미엄 맥시 원피스,2025-05-24,9,155
프리미엄 맥시 원피스,2025-05-23,9,146
프리미엄 맥시 원피스,2025-05-22,8,138
프리미엄 맥시 원피스,2025-05-21,6,132
프리미엄 맥시 원피스,2025-05-20,4,128
프리미엄 맥시 원피스,2025-05-19,9,119
프리미엄 맥시 원피스,2025-05-18,5,114
프리미엄 맥시 원피스,2025-05-17,9,105
프리미엄 맥시 원피스,2025-05-16,2,103
프리미엄 맥시 원피스,2025-05-15,3,100
프리미엄 맥시 원피스,2025-05-14,1,99
프리미엄 맥시 원피스,2025-05-13,4,95
프리미엄 맥시 원피스,2025-05-12,8,87
프리미엄 맥시 원피스,2025-05-11,8,79
프리미엄 맥시 원피스,2025-05-10,2,77
프리미엄 맥시 원피스,2025-05-09,1,76
프리미엄 맥시 원피스,2025-05-08,2,74
프리미엄 맥시 원피스,2025-05-07,6,68
프리미엄 맥시 원피스,2025-05-06,3,65
프리미엄 맥시 원피스,2025-05-05,5,60
프리미엄 맥시 원피스,2025-05-04,4,56
슬림핏 후드,2025-06-02,2,169
슬림핏 후드,2025-06-01,9,160
슬림핏 후드,2025-05-31,4,156
슬림핏 후드,2025-05-30,8,148
슬림핏 후드,2025-05-29,3,145
슬림핏 후드,2025-05-28,9,136
슬림핏 후드,2025-05-27,3,133
슬림핏 후드,2025-05-26,0,133
슬림핏 후드,2025-05-25,7,126
슬림핏 후드,2025-05-24,6,120
슬림핏 후드,2025-05-23,9,111
슬림핏 후드,2025-05-22,3,108
슬림핏 후드,2025-05-21,3,105
슬림핏 후드,2025-05-20,3,102
슬림핏 후드,2025-05-19,6,96
슬림핏 후드,2025-05-18,7,89
슬림핏 후드,2025-05-17,0,89
슬림핏 후드,2025-05-16,2,87
슬림핏 후드,2025-05-15,0,87
슬림핏 후드,2025-05-14,1,86
슬림핏 후드,2025-05-13,2,84
슬림핏 후드,2025-05-12,4,80
슬림핏 후드,2025-05-11,1,79
슬림핏 후드,2025-05-10,8,71
슬림핏 후드,2025-05-09,3,68
슬림핏 후드,2025-05-08,2,66
슬림핏 후드,2025-05-07,4,62
슬림핏 후드,2025-05-06,2,60
슬림핏 후드,2025-05-05,7,53
슬림핏 후드,2025-05-04,0,53
빈티지 셔츠,2025-06-02,8,79
빈티지 셔츠,2025-06-01,9,70
빈티지 셔츠,2025-05-31,4,66
빈티지 셔츠,2025-05-30,3,63
빈티지 셔츠,2025-05-29,8,55
빈티지 셔츠,2025-05-28,7,48
빈티지 셔츠,2025-05-27,6,42
빈티지 셔츠,2025-05-26,2,40
빈티지 셔츠,2025-05-25,6,34
빈티지 셔츠,2025-05-24,5,29
빈티지 셔츠,2025-05-23,4,25
빈티지 셔츠,2025-05-22,7,18
빈티지 셔츠,2025-05-21,5,13
빈티지 셔츠,2025-05-20,0,13
빈티지 셔츠,2025-05-19,9,4
빈티지 셔츠,2025-05-18,5,0
빈티지 셔츠,2025-05-17,9,0
빈티지 셔츠,2025-05-16,9,0
빈티지 셔츠,2025-05-15,6,0
빈티지 셔츠,2025-05-14,3,0
빈티지 셔츠,2025-05-13,5,0
빈티지 셔츠,2025-05-12,6,0
빈티지 셔츠,2025-05-11,0,0
빈티지 셔츠,2025-05-10,0,0
빈티지 셔츠,2025-05-09,6,0
빈티지 셔츠,2025-05-08,9,0
빈티지 셔츠,2025-05-07,6,0
빈티지 셔츠,2025-05-06,8,0
빈티지 셔츠,2025-05-05,4,0
빈티지 셔츠,2025-05-04,2,0
빈티지 맥시 원피스,2025-06-02,7,109
빈티지 맥시 원피스,2025-06-01,7,102
빈티지 맥시 원피스,2025-05-31,7,95
빈티지 맥시 원피스,2025-05-30,2,93
빈티지 맥시 원피스,2025-05-29,2,91
빈티지 맥시 원피스,2025-05-28,6,85
빈티지 맥시 원피스,2025-05-27,0,85
빈티지 맥시 원피스,2025-05-26,3,82
빈티지 맥시 원피스,2025-05-25,4,78
빈티지 맥시 원피스,2025-05-24,3,75
빈티지 맥시 원피스,2025-05-23,8,67
빈티지 맥시 원피스,2025-05-22,4,63
빈티지 맥시 원피스,2025-05-21,1,62
빈티지 맥시 원피스,2025-05-20,4,58
빈티지 맥시 원피스,2025-05-19,9,49
빈티지 맥시 원피스,2025-05-18,1,48
빈티지 맥시 원피스,2025-05-17,8,40
빈티지 맥시 원피스,2025-05-16,3,37
빈티지 맥시 원피스,2025-05-15,3,34
빈티지 맥시 원피스,2025-05-14,7,27
빈티지 맥시 원피스,2025-05-13,9,18
빈티지 맥시 원피스,2025-05-12,7,11
빈티지 맥시 원피스,2025-05-11,2,9
빈티지 맥시 원피스,2025-05-10,5,4
빈티지 맥시 원피스,2025-05-09,3,1
빈티지 맥시 원피스,2025-05-08,0,1
빈티지 맥시 원피스,2025-05-07,7,0
빈티지 맥시 원피스,2025-05-06,8,0
빈티지 맥시 원피스,2025-05-05,3,0
빈티지 맥시 원피스,2025-05-04,6,0
트렌디 가디건,2025-06-02,5,147
트렌디 가디건,2025-06-01,0,147
트렌디 가디건,2025-05-31,2,145
트렌디 가디건,2025-05-30,0,145
트렌디 가디건,2025-05-29,1,144
트렌디 가디건,2025-05-28,2,142
트렌디 가디건,2025-05-27,6,136
트렌디 가디건,2025-05-26,0,136
트렌디 가디건,2025-05-25,0,136
트렌디 가디건,2025-05-24,9,127
트렌디 가디건,2025-05-23,4,123
트렌디 가디건,2025-05-22,2,121
트렌디 가디건,2025-05-21,4,117
트렌디 가디건,2025-05-20,1,116
트렌디 가디건,2025-05-19,4,112
트렌디 가디건,2025-05-18,4,108
트렌디 가디건,2025-05-17,4,104
트렌디 가디건,2025-05-16,3,101
트렌디 가디건,2025-05-15,7,94
트렌디 가디건,2025-05-14,9,85
트렌디 가디건,2025-05-13,4,81
트렌디 가디건,2025-05-12,6,75
트렌디 가디건,2025-05-11,8,67
트렌디 가디건,2025-05-10,8,59
트렌디 가디건,2025-05-09,0,59
트렌디 가디건,2025-05-08,1,58
트렌디 가디건,2025-05-07,6,52
트렌디 가디건,2025-05-06,5,47
트렌디 가디건,2025-05-05,0,47
트렌디 가디건,2025-05-04,3,44
베이직 맨투맨,2025-06-02,2,163
베이직 맨투맨,2025-06-01,9,154
베이직 맨투맨,2025-05-31,8,146
베이직 맨투맨,2025-05-30,7,139
베이직 맨투맨,2025-05-29,9,130
베이직 맨투맨,2025-05-28,4,126
베이직 맨투맨,2025-05-27,0,126
베이직 맨투맨,2025-05-26,8,118
베이직 맨투맨,2025-05-25,9,109
베이직 맨투맨,2025-05-24,8,101
베이직 맨투맨,2025-05-23,5,96
베이직 맨투맨,2025-05-22,4,92
베이직 맨투맨,2025-05-21,7,85
베이직 맨투맨,2025-05-20,1,84
베이직 맨투맨,2025-05-19,7,77
베이직 맨투맨,2025-05-18,2,75
베이직 맨투맨,2025-05-17,1,74
베이직 맨투맨,2025-05-16,7,67
베이직 맨투맨,2025-05-15,1,66
베이직 맨투맨,2025-05-14,3,63
베이직 맨투맨,2025-05-13,8,55
베이직 맨투맨,2025-05-12,8,47
베이직 맨투맨,2025-05-11,4,43
베이직 맨투맨,2025-05-10,3,40
베이직 맨투맨,2025-05-09,7,33
베이직 맨투맨,2025-05-08,3,30
베이직 맨투맨,2025-05-07,7,23
베이직 맨투맨,2025-05-06,9,14
베이직 맨투맨,2025-05-05,7,7
베이직 맨투맨,2025-05-04,1,6
프리미엄 점퍼,2025-06-02,6,175
프리미엄 점퍼,2025-06-01,9,166
프리미엄 점퍼,2025-05-31,9,157
프리미엄 점퍼,2025-05-30,3,154
프리미엄 점퍼,2025-05-29,7,147
프리미엄 점퍼,2025-05-28,4,143
프리미엄 점퍼,2025-05-27,4,139
프리미엄 점퍼,2025-05-26,1,138
프리미엄 점퍼,2025-05-25,1,137
프리미엄 점퍼,2025-05-24,8,129
프리미엄 점퍼,2025-05-23,6,123
프리미엄 점퍼,2025-05-22,7,116
프리미엄 점퍼,2025-05-21,5,111
프리미엄 점퍼,2025-05-20,2,109
프리미엄 점퍼,2025-05-19,5,104
프리미엄 점퍼,2025-05-18,4,100
프리미엄 점퍼,2025-05-17,3,97
프리미엄 점퍼,2025-05-16,4,93
프리미엄 점퍼,2025-05-15,0,93
프리미엄 점퍼,2025-05-14,2,91
프리미엄 점퍼,2025-05-13,8,83
프리미엄 점퍼,2025-05-12,7,76
프리미엄 점퍼,2025-05-11,0,76
프리미엄 점퍼,2025-05-10,8,68
프리미엄 점퍼,2025-05-09,1,67
프리미엄 점퍼,2025-05-08,5,62
프리미엄 점퍼,2025-05-07,9,53
프리미엄 점퍼,2025-05-06,5,48
프리미엄 점퍼,2025-05-05,7,41
프리미엄 점퍼,2025-05-04,3,38
트렌디 청바지,2025-06-02,5,69
트렌디 청바지,2025-06-01,8,61
트렌디 청바지,2025-05-31,6,55
트렌디 청바지,2025-05-30,6,49
트렌디 청바지,2025-05-29,5,44
트렌디 청바지,2025-05-28,7,37
트렌디 청바지,2025-05-27,2,35
트렌디 청바지,2025-05-26,7,28
트렌디 청바지,2025-05-25,0,28
트렌디 청바지,2025-05-24,4,24
트렌디 청바지,2025-05-23,5,19
트렌디 청바지,2025-05-22,1,18
트렌디 청바지,2025-05-21,4,14
트렌디 청바지,2025-05-20,9,5
트렌디 청바지,2025-05-19,8,0
트렌디 청바지,2025-05-18,2,0
트렌디 청바지,2025-05-17,2,0
트렌디 청바지,2025-05-16,5,0
트렌디 청바지,2025-05-15,0,0
트렌디 청바지,2025-05-14,0,0
트렌디 청바지,2025-05-13,5,0
트렌디 청바지,2025-05-12,8,0
트렌디 청바지,2025-05-11,3,0
트렌디 청바지,2025-05-10,9,0
트렌디 청바지,2025-05-09,9,0
트렌디 청바지,2025-05-08,7,0
트렌디 청바지,2025-05-07,5,0
트렌디 청바지,2025-05-06,2,0
트렌디 청바지,2025-05-05,6,0
트렌디 청바지,2025-05-04,6,0
베이직 블레이저,2025-06-02,4,94
베이직 블레이저,2025-06-01,3,91
베이직 블레이저,2025-05-31,1,90
베이직 블레이저,2025-05-30,6,84
베이직 블레이저,2025-05-29,2,82
베이직 블레이저,2025-05-28,1,81
베이직 블레이저,2025-05-27,4,77
베이직 블레이저,2025-05-26,1,76
베이직 블레이저,2025-05-25,0,76
베이직 블레이저,2025-05-24,1,75
베이직 블레이저,2025-05-23,3,72
베이직 블레이저,2025-05-22,5,67
베이직 블레이저,2025-05-21,7,60
베이직 블레이저,2025-05-20,7,53
베이직 블레이저,2025-05-19,0,53
베이직 블레이저,2025-05-18,4,49
베이직 블레이저,2025-05-17,9,40
베이직 블레이저,2025-05-16,8,32
베이직 블레이저,2025-05-15,7,25
베이직 블레이저,2025-05-14,7,18
베이직 블레이저,2025-05-13,4,14
베이직 블레이저,2025-05-12,0,14
베이직 블레이저,2025-05-11,4,10
베이직 블레이저,2025-05-10,0,10
베이직 블레이저,2025-05-09,5,5
베이직 블레이저,2025-05-08,2,3
베이직 블레이저,2025-05-07,8,0
베이직 블레이저,2025-05-06,7,0
베이직 블레이저,2025-05-05,8,0
베이직 블레이저,2025-05-04,0,0
